match_id,season,match_date,venue,city,team_a,team_b,team_a_score,team_b_score,toss_winner,toss_decision,team_a_NRR,team_b_NRR,team_a_last5_win_pct,team_b_last5_win_pct,match_won_by,winner,player_of_match
IPL2008-M011,2008,2008-04-19,Arun Jaitley Stadium,Delhi,Kolkata Knight Riders,Rajasthan Royals,144/3,194/8,Rajasthan Royals,Bat,0.322,1.845,41.7,36.9,Rajasthan Royals by 5 wickets,Rajasthan Royals,T Natarajan
IPL2008-M008,2008,2008-04-22,Barabati Stadium,Cuttack,Royal Challengers Bangalore,Kings XI Punjab,140/6,128/9,Kings XI Punjab,Field,1.153,0.133,93.0,25.7,Royal Challengers Bangalore by 10 wickets,Royal Challengers Bangalore,PP Chawla
IPL2008-M005,2008,2008-04-26,Rajiv Gandhi International Stadium,Hyderabad,Deccan Chargers,Chennai Super Kings,222/5,240/6,Chennai Super Kings,Bat,-1.614,-1.425,17.4,17.8,Chennai Super Kings by 8 wickets,Chennai Super Kings,SR Watson
IPL2008-M001,2008,2008-04-30,M Chinnaswamy Stadium,Bangalore,Royal Challengers Bangalore,Kolkata Knight Riders,173/5,214/7,Royal Challengers Bangalore,Bat,-1.467,-1.654,72.9,53.1,Royal Challengers Bangalore by 4 wickets,Royal Challengers Bangalore,NM Lyon
IPL2008-M009,2008,2008-04-30,HPCA Stadium,Dharamsala,Royal Challengers Bangalore,Kings XI Punjab,172/7,196/8,Royal Challengers Bangalore,Field,0.777,1.859,19.3,66.5,Kings XI Punjab by 4 wickets,Kings XI Punjab,V Kohli
IPL2008-M014,2008,2008-05-04,M Chinnaswamy Stadium,Bangalore,Rajasthan Royals,Kolkata Knight Riders,173/5,216/5,Rajasthan Royals,Bat,-0.411,-1.809,51.1,55.5,Kolkata Knight Riders by 100 runs,Kolkata Knight Riders,SR Watson
IPL2008-M015,2008,2008-05-05,Narendra Modi Stadium,Ahmedabad,Deccan Chargers,Delhi Daredevils,134/4,179/4,Delhi Daredevils,Bat,0.239,-1.207,55.9,70.2,Delhi Daredevils by 87 runs,Delhi Daredevils,JJ Bumrah
IPL2008-M004,2008,2008-05-15,Eden Gardens,Kolkata,Royal Challengers Bangalore,Chennai Super Kings,152/10,143/4,Royal Challengers Bangalore,Field,0.47,-0.476,13.6,40.5,Chennai Super Kings by 8 wickets,Chennai Super Kings,DP Conway
IPL2008-M007,2008,2008-05-16,Punjab Cricket Association Stadium,Mohali,Royal Challengers Bangalore,Deccan Chargers,169/6,165/3,Deccan Chargers,Bat,0.613,-0.757,87.4,72.1,Royal Challengers Bangalore by 4 wickets,Royal Challengers Bangalore,A Nortje
IPL2008-M002,2008,2008-05-17,M Chinnaswamy Stadium,Bangalore,Kolkata Knight Riders,Delhi Daredevils,166/10,116/9,Delhi Daredevils,Bat,1.787,0.115,77.4,46.9,Kolkata Knight Riders by 27 runs,Kolkata Knight Riders,Riyan Parag
IPL2008-M003,2008,2008-05-17,MA Chidambaram Stadium,Chennai,Kolkata Knight Riders,Mumbai Indians,124/3,80/4,Mumbai Indians,Bat,-1.137,1.683,16.1,79.2,Mumbai Indians by 3 wickets,Mumbai Indians,RD Gaikwad
IPL2008-M012,2008,2008-05-17,Maharashtra Cricket Association Stadium,Pune,Kings XI Punjab,Deccan Chargers,155/9,168/8,Kings XI Punjab,Bat,1.607,1.472,69.5,38.9,Kings XI Punjab by 27 runs,Kings XI Punjab,RA Jadeja
IPL2008-M017,2008,2008-05-19,Barabati Stadium,Cuttack,Delhi Daredevils,Deccan Chargers,224/4,240/4,Delhi Daredevils,Bat,-0.493,0.728,9.7,79.5,Deccan Chargers by 2 wickets,Deccan Chargers,A Nortje
IPL2008-M016,2008,2008-05-20,Dr. Y.S. Rajasekhara Reddy ACA-VDCA Stadium,Visakhapatnam,Delhi Daredevils,Chennai Super Kings,223/8,187/6,Delhi Daredevils,Field,1.483,0.868,61.5,76.1,Delhi Daredevils by 44 runs,Delhi Daredevils,RA Jadeja
IPL2008-M010,2008,2008-05-22,Sawai Mansingh Stadium,Jaipur,Delhi Daredevils,Mumbai Indians,173/9,184/10,Delhi Daredevils,Field,1.8,1.913,99.0,51.1,Delhi Daredevils by 95 runs,Delhi Daredevils,Q de Kock
IPL2008-M013,2008,2008-05-28,Vidarbha Cricket Association Stadium,Nagpur,Deccan Chargers,Mumbai Indians,192/10,167/2,Deccan Chargers,Bat,0.127,1.989,52.3,11.5,Deccan Chargers by 1 wickets,Deccan Chargers,Arshdeep Singh
IPL2008-M006,2008,2008-05-31,Eden Gardens,Kolkata,Rajasthan Royals,Delhi Daredevils,188/3,151/2,Delhi Daredevils,Bat,0.343,-1.809,21.6,39.9,Rajasthan Royals by 6 wickets,Rajasthan Royals,JC Buttler
IPL2009-M021,2009,2009-04-18,MA Chidambaram Stadium,Chennai,Royal Challengers Bangalore,Delhi Daredevils,213/9,179/3,Delhi Daredevils,Field,-1.704,0.353,34.1,13.2,Royal Challengers Bangalore by 4 wickets,Royal Challengers Bangalore,B Kumar
IPL2009-M034,2009,2009-04-20,Maharashtra Cricket Association Stadium,Pune,Rajasthan Royals,Delhi Daredevils,228/10,207/2,Rajasthan Royals,Bat,1.244,0.512,60.5,71.8,Rajasthan Royals by 9 wickets,Rajasthan Royals,MS Dhoni
IPL2009-M030,2009,2009-04-24,Eden Gardens,Kolkata,Royal Challengers Bangalore,Kolkata Knight Riders,180/8,136/6,Kolkata Knight Riders,Field,-0.999,1.947,15.8,27.4,Kolkata Knight Riders by 5 wickets,Kolkata Knight Riders,RD Gaikwad
IPL2009-M032,2009,2009-04-27,Wankhede Stadium,Mumbai,Royal Challengers Bangalore,Deccan Chargers,219/5,197/5,Deccan Chargers,Field,0.323,-1.671,42.2,42.6,Royal Challengers Bangalore by 2 wickets,Royal Challengers Bangalore,SR Watson
IPL2009-M022,2009,2009-04-29,Rajiv Gandhi International Stadium,Hyderabad,Kolkata Knight Riders,Royal Challengers Bangalore,150/5,157/5,Royal Challengers Bangalore,Bat,-1.31,0.746,16.8,51.6,Royal Challengers Bangalore by 2 wickets,Royal Challengers Bangalore,M Shami
IPL2009-M020,2009,2009-05-01,Punjab Cricket Association Stadium,Mohali,Royal Challengers Bangalore,Chennai Super Kings,200/6,147/6,Chennai Super Kings,Bat,1.374,-1.624,0.4,94.4,Chennai Super Kings by Super Over,Chennai Super Kings,RA Jadeja
IPL2009-M024,2009,2009-05-04,Wankhede Stadium,Mumbai,Mumbai Indians,Rajasthan Royals,165/5,123/3,Rajasthan Royals,Bat,0.903,-1.544,34.5,14.2,Mumbai Indians by 1 wickets,Mumbai Indians,NM Lyon
IPL2009-M033,2009,2009-05-04,BRSABV Ekana Cricket Stadium,Lucknow,Kings XI Punjab,Rajasthan Royals,152/9,161/7,Kings XI Punjab,Bat,-1.644,-1.554,2.5,83.8,Rajasthan Royals by 84 runs,Rajasthan Royals,SL Malinga
IPL2009-M018,2009,2009-05-08,MA Chidambaram Stadium,Chennai,Rajasthan Royals,Kings XI Punjab,222/3,167/7,Kings XI Punjab,Bat,-0.797,-1.365,94.4,88.1,Rajasthan Royals by 55 runs,Rajasthan Royals,YS Chahal
IPL2009-M025,2009,2009-05-08,Dr. Y.S. Rajasekhara Reddy ACA-VDCA Stadium,Visakhapatnam,Chennai Super Kings,Kings XI Punjab,175/3,199/8,Chennai Super Kings,Bat,1.119,-1.914,17.6,22.2,Chennai Super Kings by 1 runs,Chennai Super Kings,CH Gayle
IPL2009-M029,2009,2009-05-08,Sawai Mansingh Stadium,Jaipur,Delhi Daredevils,Royal Challengers Bangalore,210/8,163/6,Delhi Daredevils,Bat,-1.949,-0.281,93.9,28.7,Delhi Daredevils by 3 wickets,Delhi Daredevils,RA Jadeja
IPL2009-M019,2009,2009-05-09,Maharashtra Cricket Association Stadium,Pune,Rajasthan Royals,Royal Challengers Bangalore,173/10,204/5,Rajasthan Royals,Field,1.256,0.441,54.8,69.4,Royal Challengers Bangalore by 52 runs,Royal Challengers Bangalore,RA Jadeja
IPL2009-M028,2009,2009-05-13,Sawai Mansingh Stadium,Jaipur,Delhi Daredevils,Kings XI Punjab,144/8,197/2,Delhi Daredevils,Field,-0.185,-0.04,99.6,8.5,Delhi Daredevils by 7 wickets,Delhi Daredevils,MS Dhoni
IPL2009-M026,2009,2009-05-15,Dr. Y.S. Rajasekhara Reddy ACA-VDCA Stadium,Visakhapatnam,Rajasthan Royals,Kolkata Knight Riders,154/6,173/5,Kolkata Knight Riders,Field,0.848,1.234,27.3,24.3,Rajasthan Royals by 14 runs,Rajasthan Royals,SL Malinga
IPL2009-M027,2009,2009-05-16,Barabati Stadium,Cuttack,Deccan Chargers,Rajasthan Royals,221/7,226/5,Deccan Chargers,Field,-1.689,-0.466,73.8,28.2,Deccan Chargers by 7 wickets,Deccan Chargers,Tilak Varma
IPL2009-M031,2009,2009-05-20,BRSABV Ekana Cricket Stadium,Lucknow,Kolkata Knight Riders,Royal Challengers Bangalore,165/10,114/5,Royal Challengers Bangalore,Field,0.0,0.538,45.9,14.9,Kolkata Knight Riders by 10 wickets,Kolkata Knight Riders,YBK Jaiswal
IPL2009-M023,2009,2009-05-23,Eden Gardens,Kolkata,Royal Challengers Bangalore,Mumbai Indians,144/2,168/6,Royal Challengers Bangalore,Field,-0.704,0.258,49.6,9.7,Royal Challengers Bangalore by 6 wickets,Royal Challengers Bangalore,RA Jadeja
IPL2010-M051,2010,2010-03-12,M Chinnaswamy Stadium,Bangalore,Rajasthan Royals,Deccan Chargers,141/5,166/6,Deccan Chargers,Field,-0.538,-0.644,27.0,32.0,Deccan Chargers by 7 wickets,Deccan Chargers,Tilak Varma
IPL2010-M040,2010,2010-03-14,Punjab Cricket Association Stadium,Mohali,Chennai Super Kings,Delhi Daredevils,224/2,202/2,Chennai Super Kings,Field,-1.262,-1.498,86.1,80.8,Delhi Daredevils by 93 runs,Delhi Daredevils,AB de Villiers
IPL2010-M039,2010,2010-03-16,HPCA Stadium,Dharamsala,Kings XI Punjab,Kolkata Knight Riders,202/10,239/9,Kings XI Punjab,Field,1.103,0.142,4.0,1.5,Kolkata Knight Riders by 26 runs,Kolkata Knight Riders,Shubman Gill
IPL2010-M048,2010,2010-03-19,JSCA International Stadium,Ranchi,Kings XI Punjab,Royal Challengers Bangalore,125/5,80/5,Kings XI Punjab,Bat,-1.495,0.979,13.4,22.1,Kings XI Punjab by 1 wickets,Kings XI Punjab,Rashid Khan
IPL2010-M035,2010,2010-03-20,JSCA International Stadium,Ranchi,Rajasthan Royals,Delhi Daredevils,208/3,240/10,Rajasthan Royals,Bat,0.136,1.82,55.8,83.4,Delhi Daredevils by Super Over,Delhi Daredevils,Q de Kock
IPL2010-M044,2010,2010-03-21,MA Chidambaram Stadium,Chennai,Rajasthan Royals,Mumbai Indians,162/5,192/3,Mumbai Indians,Bat,1.182,-0.132,50.0,79.3,Mumbai Indians by 6 wickets,Mumbai Indians,CH Gayle
IPL2010-M043,2010,2010-03-26,BRSABV Ekana Cricket Stadium,Lucknow,Kings XI Punjab,Mumbai Indians,214/9,234/7,Mumbai Indians,Field,-0.426,-0.396,88.4,37.5,Kings XI Punjab by 5 wickets,Kings XI Punjab,RA Jadeja
IPL2010-M038,2010,2010-03-27,JSCA International Stadium,Ranchi,Mumbai Indians,Delhi Daredevils,183/6,153/10,Mumbai Indians,Field,-0.787,0.971,9.2,96.5,Delhi Daredevils by 2 wickets,Delhi Daredevils,AB de Villiers
IPL2010-M045,2010,2010-03-27,Dr. Y.S. Rajasekhara Reddy ACA-VDCA Stadium,Visakhapatnam,Kolkata Knight Riders,Rajasthan Royals,147/6,143/7,Kolkata Knight Riders,Bat,0.849,1.837,23.0,8.1,Kolkata Knight Riders by 7 wickets,Kolkata Knight Riders,Ishan Kishan
IPL2010-M037,2010,2010-03-28,Arun Jaitley Stadium,Delhi,Kings XI Punjab,Chennai Super Kings,137/4,113/2,Kings XI Punjab,Field,-0.438,0.374,59.4,60.4,Chennai Super Kings by 17 runs,Chennai Super Kings,YBK Jaiswal
IPL2010-M042,2010,2010-03-28,Vidarbha Cricket Association Stadium,Nagpur,Kings XI Punjab,Mumbai Indians,209/6,178/4,Kings XI Punjab,Field,0.828,0.881,26.0,60.6,Mumbai Indians by 1 wickets,Mumbai Indians,MS Dhoni
IPL2010-M036,2010,2010-04-02,JSCA International Stadium,Ranchi,Chennai Super Kings,Rajasthan Royals,153/3,210/5,Chennai Super Kings,Bat,-1.839,0.515,47.5,42.9,Rajasthan Royals by 7 wickets,Rajasthan Royals,DP Conway
IPL2010-M050,2010,2010-04-04,Maharashtra Cricket Association Stadium,Pune,Mumbai Indians,Royal Challengers Bangalore,162/3,221/2,Mumbai Indians,Field,-0.663,-0.794,64.5,64.8,Mumbai Indians by 2 wickets,Mumbai Indians,B Kumar
IPL2010-M041,2010,2010-04-06,HPCA Stadium,Dharamsala,Kolkata Knight Riders,Mumbai Indians,227/5,240/8,Mumbai Indians,Bat,-0.863,-0.606,89.1,69.1,Kolkata Knight Riders by 9 wickets,Kolkata Knight Riders,HH Pandya
IPL2010-M049,2010,2010-04-14,Wankhede Stadium,Mumbai,Kolkata Knight Riders,Delhi Daredevils,141/2,186/5,Kolkata Knight Riders,Field,-0.943,-0.59,36.7,91.4,Delhi Daredevils by 2 wickets,Delhi Daredevils,T Natarajan
IPL2010-M047,2010,2010-04-19,BRSABV Ekana Cricket Stadium,Lucknow,Deccan Chargers,Mumbai Indians,175/7,221/2,Mumbai Indians,Field,1.116,-0.064,96.5,90.2,Deccan Chargers by 7 wickets,Deccan Chargers,PP Chawla
IPL2010-M046,2010,2010-04-22,JSCA International Stadium,Ranchi,Chennai Super Kings,Delhi Daredevils,176/9,139/9,Delhi Daredevils,Field,-0.892,1.843,62.3,14.3,Chennai Super Kings by 62 runs,Chennai Super Kings,Riyan Parag
IPL2011-M068,2011,2011-04-09,Holkar Cricket Stadium,Indore,Kochi Tuskers Kerala,Pune Warriors India,188/8,149/4,Pune Warriors India,Bat,0.698,1.744,44.2,86.3,Pune Warriors India by 32 runs,Pune Warriors India,Rashid Khan
IPL2011-M061,2011,2011-04-12,Sawai Mansingh Stadium,Jaipur,Rajasthan Royals,Chennai Super Kings,151/5,176/6,Chennai Super Kings,Field,-1.469,-1.382,78.1,34.9,Rajasthan Royals by 87 runs,Rajasthan Royals,KA Pollard
IPL2011-M059,2011,2011-04-13,Punjab Cricket Association Stadium,Mohali,Delhi Daredevils,Mumbai Indians,191/9,199/7,Delhi Daredevils,Bat,0.708,-0.237,60.8,61.9,Delhi Daredevils by 3 wickets,Delhi Daredevils,RD Gaikwad
IPL2011-M056,2011,2011-04-14,MA Chidambaram Stadium,Chennai,Deccan Chargers,Kolkata Knight Riders,128/3,80/6,Deccan Chargers,Bat,1.957,-0.912,84.8,1.5,Deccan Chargers by 10 runs,Deccan Chargers,JC Buttler
IPL2011-M053,2011,2011-04-20,Dr. Y.S. Rajasekhara Reddy ACA-VDCA Stadium,Visakhapatnam,Rajasthan Royals,Pune Warriors India,159/7,159/4,Pune Warriors India,Field,0.941,-1.285,87.8,57.9,Rajasthan Royals by 5 runs,Rajasthan Royals,RG Sharma
IPL2011-M066,2011,2011-04-21,JSCA International Stadium,Ranchi,Pune Warriors India,Kings XI Punjab,151/10,128/9,Kings XI Punjab,Bat,-1.666,-1.726,33.1,48.8,Kings XI Punjab by 52 runs,Kings XI Punjab,PP Chawla
IPL2011-M065,2011,2011-04-22,Vidarbha Cricket Association Stadium,Nagpur,Mumbai Indians,Kolkata Knight Riders,130/8,93/10,Mumbai Indians,Field,-1.126,1.276,46.2,25.5,Mumbai Indians by 12 runs,Mumbai Indians,B Kumar
IPL2011-M057,2011,2011-05-06,Dr. Y.S. Rajasekhara Reddy ACA-VDCA Stadium,Visakhapatnam,Rajasthan Royals,Kings XI Punjab,196/2,217/5,Rajasthan Royals,Field,-1.281,-1.216,46.3,92.3,Kings XI Punjab by 5 wickets,Kings XI Punjab,PP Chawla
IPL2011-M058,2011,2011-05-13,Maharashtra Cricket Association Stadium,Pune,Chennai Super Kings,Kochi Tuskers Kerala,143/5,99/4,Chennai Super Kings,Field,-1.557,1.44,41.6,21.1,Kochi Tuskers Kerala by 97 runs,Kochi Tuskers Kerala,B Kumar
IPL2011-M062,2011,2011-05-15,Arun Jaitley Stadium,Delhi,Kolkata Knight Riders,Kochi Tuskers Kerala,186/9,161/2,Kochi Tuskers Kerala,Bat,-0.097,0.592,45.9,86.3,Kochi Tuskers Kerala by 4 runs,Kochi Tuskers Kerala,JC Buttler
IPL2011-M067,2011,2011-05-15,JSCA International Stadium,Ranchi,Kochi Tuskers Kerala,Rajasthan Royals,199/10,144/5,Rajasthan Royals,Bat,-0.206,0.973,14.2,46.4,Rajasthan Royals by 10 runs,Rajasthan Royals,Shubman Gill
IPL2011-M060,2011,2011-05-16,Arun Jaitley Stadium,Delhi,Kolkata Knight Riders,Kochi Tuskers Kerala,222/2,198/8,Kolkata Knight Riders,Bat,1.473,0.57,17.1,23.6,Kolkata Knight Riders by 5 wickets,Kolkata Knight Riders,RA Jadeja
IPL2011-M055,2011,2011-05-17,Punjab Cricket Association Stadium,Mohali,Rajasthan Royals,Kings XI Punjab,186/2,217/5,Rajasthan Royals,Field,1.261,-0.185,41.6,86.4,Kings XI Punjab by 5 wickets,Kings XI Punjab,SV Samson
IPL2011-M054,2011,2011-05-19,HPCA Stadium,Dharamsala,Kings XI Punjab,Mumbai Indians,120/5,100/9,Mumbai Indians,Bat,-0.74,-1.043,24.8,43.2,Mumbai Indians by 3 wickets,Mumbai Indians,NM Lyon
IPL2011-M052,2011,2011-05-20,Vidarbha Cricket Association Stadium,Nagpur,Delhi Daredevils,Pune Warriors India,152/10,142/4,Delhi Daredevils,Bat,0.723,-1.554,38.9,32.1,Delhi Daredevils by 9 wickets,Delhi Daredevils,V Kohli
IPL2011-M063,2011,2011-05-26,Rajiv Gandhi International Stadium,Hyderabad,Chennai Super Kings,Royal Challengers Bangalore,133/9,86/8,Royal Challengers Bangalore,Bat,-1.444,1.045,84.6,60.6,Chennai Super Kings by 9 wickets,Chennai Super Kings,F du Plessis
IPL2011-M064,2011,2011-05-27,Barabati Stadium,Cuttack,Kochi Tuskers Kerala,Royal Challengers Bangalore,202/3,240/4,Royal Challengers Bangalore,Bat,0.45,-0.18,86.1,59.7,Kochi Tuskers Kerala by 1 wickets,Kochi Tuskers Kerala,DJ Bravo
IPL2012-M074,2012,2012-04-04,Wankhede Stadium,Mumbai,Kings XI Punjab,Rajasthan Royals,218/3,202/4,Kings XI Punjab,Field,0.051,-0.633,43.5,84.4,Rajasthan Royals by 4 wickets,Rajasthan Royals,JJ Bumrah
IPL2012-M081,2012,2012-04-12,Narendra Modi Stadium,Ahmedabad,Deccan Chargers,Royal Challengers Bangalore,148/9,177/10,Royal Challengers Bangalore,Bat,-0.207,-0.468,77.3,26.1,Deccan Chargers by 9 wickets,Deccan Chargers,KL Rahul
IPL2012-M072,2012,2012-04-17,M Chinnaswamy Stadium,Bangalore,Pune Warriors India,Kings XI Punjab,127/10,86/8,Kings XI Punjab,Field,-1.531,0.0,45.2,71.2,Kings XI Punjab by Super Over,Kings XI Punjab,Rashid Khan
IPL2012-M079,2012,2012-04-18,JSCA International Stadium,Ranchi,Kolkata Knight Riders,Kings XI Punjab,188/5,227/8,Kolkata Knight Riders,Bat,-1.807,-1.815,80.4,32.4,Kolkata Knight Riders by 4 wickets,Kolkata Knight Riders,DJ Bravo
IPL2012-M070,2012,2012-04-22,Holkar Cricket Stadium,Indore,Kolkata Knight Riders,Deccan Chargers,186/7,190/6,Deccan Chargers,Field,1.698,0.704,15.7,100.0,Deccan Chargers by 1 wickets,Deccan Chargers,SA Yadav
IPL2012-M085,2012,2012-04-25,Narendra Modi Stadium,Ahmedabad,Chennai Super Kings,Rajasthan Royals,154/10,105/8,Chennai Super Kings,Bat,-1.223,-0.544,29.4,91.3,Rajasthan Royals by 50 runs,Rajasthan Royals,SK Raina
IPL2012-M083,2012,2012-04-29,Arun Jaitley Stadium,Delhi,Royal Challengers Bangalore,Kings XI Punjab,182/10,151/6,Kings XI Punjab,Field,-1.074,-1.89,49.4,54.3,Royal Challengers Bangalore by 41 runs,Royal Challengers Bangalore,DJ Bravo
IPL2012-M076,2012,2012-05-03,Punjab Cricket Association Stadium,Mohali,Pune Warriors India,Delhi Daredevils,217/9,240/4,Pune Warriors India,Bat,1.273,-0.555,10.2,97.2,Delhi Daredevils by 76 runs,Delhi Daredevils,DP Conway
IPL2012-M071,2012,2012-05-04,M Chinnaswamy Stadium,Bangalore,Chennai Super Kings,Pune Warriors India,124/5,140/3,Chennai Super Kings,Field,1.683,-0.493,3.6,67.2,Pune Warriors India by 7 wickets,Pune Warriors India,Shubman Gill
IPL2012-M075,2012,2012-05-08,HPCA Stadium,Dharamsala,Delhi Daredevils,Chennai Super Kings,130/8,136/3,Chennai Super Kings,Bat,-0.692,1.747,88.7,14.8,Delhi Daredevils by 69 runs,Delhi Daredevils,F du Plessis
IPL2012-M082,2012,2012-05-11,JSCA International Stadium,Ranchi,Rajasthan Royals,Kolkata Knight Riders,206/5,240/9,Kolkata Knight Riders,Field,0.087,-0.798,30.5,20.3,Rajasthan Royals by 55 runs,Rajasthan Royals,SR Watson
IPL2012-M084,2012,2012-05-11,Dr. Y.S. Rajasekhara Reddy ACA-VDCA Stadium,Visakhapatnam,Mumbai Indians,Rajasthan Royals,147/7,106/6,Mumbai Indians,Bat,-1.517,-1.31,89.0,55.4,Mumbai Indians by 9 wickets,Mumbai Indians,RA Jadeja
IPL2012-M069,2012,2012-05-15,HPCA Stadium,Dharamsala,Rajasthan Royals,Royal Challengers Bangalore,161/5,135/7,Rajasthan Royals,Field,-1.872,-1.208,55.6,90.6,Royal Challengers Bangalore by 9 wickets,Royal Challengers Bangalore,SR Watson
IPL2012-M073,2012,2012-05-20,Rajiv Gandhi International Stadium,Hyderabad,Kolkata Knight Riders,Mumbai Indians,201/2,227/7,Kolkata Knight Riders,Bat,-0.97,-0.611,80.8,38.2,Kolkata Knight Riders by 64 runs,Kolkata Knight Riders,Rashid Khan
IPL2012-M077,2012,2012-05-23,Vidarbha Cricket Association Stadium,Nagpur,Pune Warriors India,Mumbai Indians,210/9,172/5,Pune Warriors India,Bat,-1.354,-1.841,87.6,34.4,Pune Warriors India by 7 wickets,Pune Warriors India,Shubman Gill
IPL2012-M078,2012,2012-05-26,Holkar Cricket Stadium,Indore,Rajasthan Royals,Mumbai Indians,126/3,107/7,Rajasthan Royals,Bat,1.804,-1.81,39.4,88.5,Mumbai Indians by 10 wickets,Mumbai Indians,HV Patel
IPL2012-M080,2012,2012-05-26,Arun Jaitley Stadium,Delhi,Mumbai Indians,Kolkata Knight Riders,192/3,237/5,Kolkata Knight Riders,Bat,-1.993,-1.672,60.9,60.6,Mumbai Indians by 70 runs,Mumbai Indians,DP Conway
IPL2013-M100,2013,2013-04-06,Arun Jaitley Stadium,Delhi,Mumbai Indians,Delhi Daredevils,212/8,240/8,Mumbai Indians,Field,1.206,1.477,92.4,81.4,Delhi Daredevils by 83 runs,Delhi Daredevils,MS Dhoni
IPL2013-M098,2013,2013-04-08,M Chinnaswamy Stadium,Bangalore,Sunrisers Hyderabad,Delhi Daredevils,155/10,103/4,Delhi Daredevils,Field,-1.909,-0.212,34.2,72.9,Delhi Daredevils by 2 wickets,Delhi Daredevils,DA Warner
IPL2013-M095,2013,2013-04-10,M Chinnaswamy Stadium,Bangalore,Kolkata Knight Riders,Chennai Super Kings,174/3,204/5,Kolkata Knight Riders,Field,-1.969,1.631,72.9,25.0,Kolkata Knight Riders by 3 wickets,Kolkata Knight Riders,Shubman Gill
IPL2013-M091,2013,2013-04-18,Dr. Y.S. Rajasekhara Reddy ACA-VDCA Stadium,Visakhapatnam,Kings XI Punjab,Mumbai Indians,121/2,80/7,Kings XI Punjab,Bat,1.764,0.426,82.0,69.7,Kings XI Punjab by 10 wickets,Kings XI Punjab,F du Plessis
IPL2013-M099,2013,2013-04-23,Maharashtra Cricket Association Stadium,Pune,Delhi Daredevils,Kings XI Punjab,174/9,224/5,Kings XI Punjab,Bat,-0.625,-1.385,24.2,1.2,Delhi Daredevils by 3 wickets,Delhi Daredevils,F du Plessis
IPL2013-M097,2013,2013-04-28,Punjab Cricket Association Stadium,Mohali,Chennai Super Kings,Kolkata Knight Riders,228/8,194/7,Chennai Super Kings,Field,1.393,0.124,14.4,22.9,Chennai Super Kings by 2 wickets,Chennai Super Kings,DP Conway
IPL2013-M093,2013,2013-04-29,BRSABV Ekana Cricket Stadium,Lucknow,Pune Warriors India,Kings XI Punjab,172/10,185/3,Kings XI Punjab,Bat,-0.425,0.708,17.2,37.7,Kings XI Punjab by 68 runs,Kings XI Punjab,DJ Bravo
IPL2013-M090,2013,2013-05-03,M Chinnaswamy Stadium,Bangalore,Chennai Super Kings,Sunrisers Hyderabad,144/7,192/7,Sunrisers Hyderabad,Bat,-1.553,-0.43,80.5,74.5,Sunrisers Hyderabad by 7 wickets,Sunrisers Hyderabad,MS Dhoni
IPL2013-M086,2013,2013-05-04,Arun Jaitley Stadium,Delhi,Rajasthan Royals,Chennai Super Kings,217/8,181/9,Chennai Super Kings,Bat,-1.261,1.751,46.6,6.6,Chennai Super Kings by 79 runs,Chennai Super Kings,HH Pandya
IPL2013-M089,2013,2013-05-09,Eden Gardens,Kolkata,Chennai Super Kings,Royal Challengers Bangalore,127/7,152/4,Royal Challengers Bangalore,Bat,0.768,-1.095,35.6,51.1,Royal Challengers Bangalore by 1 wickets,Royal Challengers Bangalore,DP Conway
IPL2013-M087,2013,2013-05-10,Rajiv Gandhi International Stadium,Hyderabad,Delhi Daredevils,Pune Warriors India,194/2,140/8,Pune Warriors India,Field,-1.323,1.594,53.8,11.7,Delhi Daredevils by 9 runs,Delhi Daredevils,NM Lyon
IPL2013-M096,2013,2013-05-14,JSCA International Stadium,Ranchi,Rajasthan Royals,Kolkata Knight Riders,206/6,158/5,Kolkata Knight Riders,Field,1.166,-1.049,15.1,90.6,Kolkata Knight Riders by 8 wickets,Kolkata Knight Riders,HH Pandya
IPL2013-M088,2013,2013-05-15,Dr. Y.S. Rajasekhara Reddy ACA-VDCA Stadium,Visakhapatnam,Mumbai Indians,Rajasthan Royals,124/3,80/8,Mumbai Indians,Bat,-0.241,-1.501,45.2,83.6,Rajasthan Royals by 34 runs,Rajasthan Royals,RA Jadeja
IPL2013-M102,2013,2013-05-16,Holkar Cricket Stadium,Indore,Rajasthan Royals,Royal Challengers Bangalore,171/3,213/6,Rajasthan Royals,Field,-0.539,-1.256,3.6,3.4,Rajasthan Royals by 4 wickets,Rajasthan Royals,DA Warner
IPL2013-M101,2013,2013-05-18,MA Chidambaram Stadium,Chennai,Mumbai Indians,Rajasthan Royals,229/5,221/9,Rajasthan Royals,Field,-1.161,-0.317,1.5,80.3,Rajasthan Royals by 3 wickets,Rajasthan Royals,DA Warner
IPL2013-M092,2013,2013-05-21,HPCA Stadium,Dharamsala,Mumbai Indians,Kings XI Punjab,212/10,240/2,Mumbai Indians,Bat,-1.458,0.627,70.7,94.7,Kings XI Punjab by 96 runs,Kings XI Punjab,KL Rahul
IPL2013-M094,2013,2013-05-26,Wankhede Stadium,Mumbai,Rajasthan Royals,Royal Challengers Bangalore,122/10,164/10,Rajasthan Royals,Field,-1.089,1.355,23.8,39.4,Royal Challengers Bangalore by 7 wickets,Royal Challengers Bangalore,F du Plessis
IPL2014-M106,2014,2014-04-03,Arun Jaitley Stadium,Delhi,Delhi Daredevils,Kolkata Knight Riders,224/5,240/7,Kolkata Knight Riders,Field,-1.899,-1.664,9.5,4.9,Kolkata Knight Riders by Super Over,Kolkata Knight Riders,PP Chawla
IPL2014-M118,2014,2014-04-04,Sawai Mansingh Stadium,Jaipur,Mumbai Indians,Rajasthan Royals,126/9,137/6,Rajasthan Royals,Bat,1.167,-1.372,52.2,21.1,Mumbai Indians by 6 wickets,Mumbai Indians,KD Karthik
IPL2014-M103,2014,2014-04-06,MA Chidambaram Stadium,Chennai,Rajasthan Royals,Kings XI Punjab,170/10,111/4,Kings XI Punjab,Bat,1.996,-0.926,62.4,45.5,Rajasthan Royals by 4 wickets,Rajasthan Royals,RG Sharma
IPL2014-M111,2014,2014-04-10,Vidarbha Cricket Association Stadium,Nagpur,Chennai Super Kings,Royal Challengers Bangalore,152/7,109/5,Chennai Super Kings,Field,0.216,0.729,51.0,25.5,Chennai Super Kings by Super Over,Chennai Super Kings,JJ Bumrah
IPL2014-M104,2014,2014-04-12,Arun Jaitley Stadium,Delhi,Rajasthan Royals,Kolkata Knight Riders,160/10,121/5,Rajasthan Royals,Bat,-0.076,0.067,58.9,96.1,Kolkata Knight Riders by 41 runs,Kolkata Knight Riders,Q de Kock
IPL2014-M115,2014,2014-04-25,M Chinnaswamy Stadium,Bangalore,Sunrisers Hyderabad,Mumbai Indians,138/9,144/6,Sunrisers Hyderabad,Field,1.211,0.224,11.4,40.3,Mumbai Indians by 10 runs,Mumbai Indians,Riyan Parag
IPL2014-M114,2014,2014-04-30,Barabati Stadium,Cuttack,Rajasthan Royals,Kings XI Punjab,160/5,102/6,Rajasthan Royals,Bat,-1.705,1.134,87.2,31.7,Rajasthan Royals by 35 runs,Rajasthan Royals,RA Jadeja
IPL2014-M112,2014,2014-05-01,Barabati Stadium,Cuttack,Royal Challengers Bangalore,Mumbai Indians,171/10,201/9,Royal Challengers Bangalore,Field,1.477,1.217,55.7,29.7,Royal Challengers Bangalore by Super Over,Royal Challengers Bangalore,Riyan Parag
IPL2014-M109,2014,2014-05-09,Wankhede Stadium,Mumbai,Mumbai Indians,Rajasthan Royals,170/9,146/10,Mumbai Indians,Bat,-1.785,-1.222,67.6,34.5,Mumbai Indians by 4 wickets,Mumbai Indians,SV Samson
IPL2014-M119,2014,2014-05-13,Vidarbha Cricket Association Stadium,Nagpur,Sunrisers Hyderabad,Delhi Daredevils,207/4,177/9,Sunrisers Hyderabad,Bat,1.462,-0.919,43.4,91.0,Delhi Daredevils by 2 wickets,Delhi Daredevils,Q de Kock
IPL2014-M105,2014,2014-05-18,Arun Jaitley Stadium,Delhi,Kings XI Punjab,Royal Challengers Bangalore,130/7,175/2,Royal Challengers Bangalore,Field,1.318,1.771,3.1,80.5,Royal Challengers Bangalore by 3 wickets,Royal Challengers Bangalore,DJ Bravo
IPL2014-M108,2014,2014-05-20,Sawai Mansingh Stadium,Jaipur,Kolkata Knight Riders,Royal Challengers Bangalore,213/10,200/10,Royal Challengers Bangalore,Field,-0.272,0.854,18.8,0.4,Kolkata Knight Riders by 3 wickets,Kolkata Knight Riders,JC Buttler
IPL2014-M110,2014,2014-05-26,Narendra Modi Stadium,Ahmedabad,Mumbai Indians,Kolkata Knight Riders,126/9,100/8,Kolkata Knight Riders,Field,0.186,0.707,25.5,21.4,Mumbai Indians by 7 wickets,Mumbai Indians,A Nortje
IPL2014-M116,2014,2014-05-27,Barabati Stadium,Cuttack,Mumbai Indians,Rajasthan Royals,149/7,127/9,Rajasthan Royals,Field,-0.543,-0.298,10.2,46.1,Rajasthan Royals by 78 runs,Rajasthan Royals,YS Chahal
IPL2014-M107,2014,2014-05-28,Wankhede Stadium,Mumbai,Kings XI Punjab,Mumbai Indians,202/3,214/7,Mumbai Indians,Bat,1.957,1.846,86.9,48.3,Kings XI Punjab by 1 wickets,Kings XI Punjab,YBK Jaiswal
IPL2014-M117,2014,2014-05-28,Barabati Stadium,Cuttack,Mumbai Indians,Delhi Daredevils,169/3,135/9,Delhi Daredevils,Field,1.64,-1.858,26.8,11.3,Mumbai Indians by 3 wickets,Mumbai Indians,M Shami
IPL2014-M113,2014,2014-06-01,M Chinnaswamy Stadium,Bangalore,Sunrisers Hyderabad,Chennai Super Kings,211/4,203/5,Chennai Super Kings,Bat,0.371,1.024,32.7,25.4,Sunrisers Hyderabad by 4 wickets,Sunrisers Hyderabad,HV Patel
IPL2015-M136,2015,2015-04-08,HPCA Stadium,Dharamsala,Royal Challengers Bangalore,Delhi Daredevils,222/7,203/4,Delhi Daredevils,Field,1.765,1.964,87.3,1.8,Royal Challengers Bangalore by 11 runs,Royal Challengers Bangalore,SR Watson
IPL2015-M124,2015,2015-04-10,Dr. Y.S. Rajasekhara Reddy ACA-VDCA Stadium,Visakhapatnam,Sunrisers Hyderabad,Rajasthan Royals,130/6,120/9,Rajasthan Royals,Bat,1.954,0.751,14.1,68.6,Rajasthan Royals by 70 runs,Rajasthan Royals,SK Raina
IPL2015-M130,2015,2015-04-12,M Chinnaswamy Stadium,Bangalore,Chennai Super Kings,Sunrisers Hyderabad,186/9,224/4,Sunrisers Hyderabad,Field,1.162,0.309,95.5,6.5,Chennai Super Kings by 92 runs,Chennai Super Kings,A Nortje
IPL2015-M135,2015,2015-04-12,Dr. Y.S. Rajasekhara Reddy ACA-VDCA Stadium,Visakhapatnam,Mumbai Indians,Kings XI Punjab,212/8,152/2,Mumbai Indians,Bat,-1.493,1.504,80.4,93.0,Kings XI Punjab by 70 runs,Kings XI Punjab,Tilak Varma
IPL2015-M121,2015,2015-04-14,Eden Gardens,Kolkata,Delhi Daredevils,Chennai Super Kings,159/2,106/2,Chennai Super Kings,Field,-0.908,-0.049,30.6,94.8,Chennai Super Kings by 8 wickets,Chennai Super Kings,YBK Jaiswal
IPL2015-M132,2015,2015-04-16,Vidarbha Cricket Association Stadium,Nagpur,Delhi Daredevils,Kolkata Knight Riders,200/7,208/4,Delhi Daredevils,Bat,1.065,-0.236,39.0,21.4,Delhi Daredevils by 32 runs,Delhi Daredevils,DJ Bravo
IPL2015-M127,2015,2015-04-19,Wankhede Stadium,Mumbai,Delhi Daredevils,Royal Challengers Bangalore,142/6,111/2,Royal Challengers Bangalore,Bat,-1.711,1.9,79.8,57.4,Royal Challengers Bangalore by 7 wickets,Royal Challengers Bangalore,SK Raina
IPL2015-M129,2015,2015-04-19,HPCA Stadium,Dharamsala,Mumbai Indians,Royal Challengers Bangalore,150/9,178/10,Mumbai Indians,Bat,-0.964,-0.42,85.7,63.5,Mumbai Indians by 7 runs,Mumbai Indians,A Nortje
IPL2015-M120,2015,2015-04-23,JSCA International Stadium,Ranchi,Mumbai Indians,Sunrisers Hyderabad,228/5,220/9,Mumbai Indians,Field,0.767,1.049,2.9,24.9,Sunrisers Hyderabad by 8 wickets,Sunrisers Hyderabad,DA Warner
IPL2015-M131,2015,2015-04-23,BRSABV Ekana Cricket Stadium,Lucknow,Kolkata Knight Riders,Sunrisers Hyderabad,216/10,197/4,Kolkata Knight Riders,Field,-1.272,1.016,5.2,97.8,Sunrisers Hyderabad by 7 wickets,Sunrisers Hyderabad,NM Lyon
IPL2015-M122,2015,2015-05-04,Eden Gardens,Kolkata,Mumbai Indians,Rajasthan Royals,192/7,240/7,Rajasthan Royals,Bat,-1.186,-1.962,71.5,61.5,Mumbai Indians by 2 wickets,Mumbai Indians,DP Conway
IPL2015-M126,2015,2015-05-05,MA Chidambaram Stadium,Chennai,Kings XI Punjab,Rajasthan Royals,155/3,150/4,Kings XI Punjab,Field,1.216,-1.84,33.2,22.3,Kings XI Punjab by 59 runs,Kings XI Punjab,AB de Villiers
IPL2015-M134,2015,2015-05-10,Maharashtra Cricket Association Stadium,Pune,Delhi Daredevils,Royal Challengers Bangalore,164/10,186/9,Delhi Daredevils,Bat,0.059,1.999,41.8,59.2,Royal Challengers Bangalore by 1 wickets,Royal Challengers Bangalore,KD Karthik
IPL2015-M133,2015,2015-05-12,Sawai Mansingh Stadium,Jaipur,Royal Challengers Bangalore,Kolkata Knight Riders,184/8,238/2,Royal Challengers Bangalore,Bat,0.454,-1.229,78.4,11.4,Royal Challengers Bangalore by 7 wickets,Royal Challengers Bangalore,Tilak Varma
IPL2015-M128,2015,2015-05-18,Rajiv Gandhi International Stadium,Hyderabad,Chennai Super Kings,Kings XI Punjab,142/3,142/2,Chennai Super Kings,Field,1.635,1.601,41.6,31.6,Chennai Super Kings by 8 wickets,Chennai Super Kings,AB de Villiers
IPL2015-M123,2015,2015-05-20,Rajiv Gandhi International Stadium,Hyderabad,Sunrisers Hyderabad,Chennai Super Kings,229/6,214/10,Sunrisers Hyderabad,Bat,1.287,1.278,7.5,60.7,Chennai Super Kings by 9 wickets,Chennai Super Kings,PP Chawla
IPL2015-M125,2015,2015-05-24,Arun Jaitley Stadium,Delhi,Kolkata Knight Riders,Rajasthan Royals,211/4,240/8,Kolkata Knight Riders,Field,0.418,1.813,18.8,83.1,Rajasthan Royals by 5 wickets,Rajasthan Royals,YS Chahal
IPL2016-M138,2016,2016-04-09,Vidarbha Cricket Association Stadium,Nagpur,Sunrisers Hyderabad,Royal Challengers Bangalore,171/6,116/10,Sunrisers Hyderabad,Field,-0.41,-1.823,69.2,6.0,Sunrisers Hyderabad by 96 runs,Sunrisers Hyderabad,HV Patel
IPL2016-M144,2016,2016-04-15,Arun Jaitley Stadium,Delhi,Royal Challengers Bangalore,Rising Pune Supergiants,139/10,131/3,Rising Pune Supergiants,Bat,-1.252,-0.876,78.5,40.9,Royal Challengers Bangalore by 10 wickets,Royal Challengers Bangalore,PP Chawla
IPL2016-M146,2016,2016-04-20,Arun Jaitley Stadium,Delhi,Royal Challengers Bangalore,Kings XI Punjab,185/4,194/6,Royal Challengers Bangalore,Bat,-1.568,1.829,34.2,39.2,Kings XI Punjab by 79 runs,Kings XI Punjab,SV Samson
IPL2016-M139,2016,2016-04-25,Punjab Cricket Association Stadium,Mohali,Kings XI Punjab,Rising Pune Supergiants,160/6,102/9,Kings XI Punjab,Bat,-0.59,1.379,38.6,53.4,Rising Pune Supergiants by 67 runs,Rising Pune Supergiants,Shubman Gill
IPL2016-M145,2016,2016-04-27,Wankhede Stadium,Mumbai,Gujarat Lions,Kings XI Punjab,190/7,229/9,Kings XI Punjab,Field,1.407,-1.795,20.8,74.6,Kings XI Punjab by 4 wickets,Kings XI Punjab,Ishan Kishan
IPL2016-M149,2016,2016-04-28,Maharashtra Cricket Association Stadium,Pune,Mumbai Indians,Delhi Daredevils,195/9,189/6,Mumbai Indians,Field,-1.471,0.489,64.1,50.7,Mumbai Indians by 77 runs,Mumbai Indians,SK Raina
IPL2016-M150,2016,2016-05-01,M Chinnaswamy Stadium,Bangalore,Mumbai Indians,Royal Challengers Bangalore,193/7,178/3,Royal Challengers Bangalore,Field,0.277,0.865,39.1,82.7,Royal Challengers Bangalore by 83 runs,Royal Challengers Bangalore,AB de Villiers
IPL2016-M141,2016,2016-05-02,Arun Jaitley Stadium,Delhi,Mumbai Indians,Sunrisers Hyderabad,167/4,171/9,Mumbai Indians,Bat,1.458,-1.11,5.8,39.7,Mumbai Indians by 36 runs,Mumbai Indians,RD Gaikwad
IPL2016-M152,2016,2016-05-05,Rajiv Gandhi International Stadium,Hyderabad,Sunrisers Hyderabad,Kolkata Knight Riders,129/5,159/5,Kolkata Knight Riders,Bat,-1.626,-1.797,80.0,43.9,Sunrisers Hyderabad by 1 wickets,Sunrisers Hyderabad,Rashid Khan
IPL2016-M137,2016,2016-05-11,Narendra Modi Stadium,Ahmedabad,Delhi Daredevils,Rising Pune Supergiants,198/7,240/9,Delhi Daredevils,Bat,1.21,0.214,17.1,83.8,Rising Pune Supergiants by 9 wickets,Rising Pune Supergiants,RD Gaikwad
IPL2016-M147,2016,2016-05-12,BRSABV Ekana Cricket Stadium,Lucknow,Kolkata Knight Riders,Kings XI Punjab,122/6,80/10,Kings XI Punjab,Field,-1.621,0.579,25.3,94.0,Kings XI Punjab by 5 wickets,Kings XI Punjab,SA Yadav
IPL2016-M140,2016,2016-05-23,Maharashtra Cricket Association Stadium,Pune,Rising Pune Supergiants,Mumbai Indians,214/6,228/9,Rising Pune Supergiants,Bat,1.088,-0.46,58.9,4.2,Rising Pune Supergiants by 38 runs,Rising Pune Supergiants,KA Pollard
IPL2016-M142,2016,2016-05-24,Wankhede Stadium,Mumbai,Mumbai Indians,Kings XI Punjab,174/2,225/2,Kings XI Punjab,Bat,-1.286,0.031,91.7,20.2,Mumbai Indians by 5 wickets,Mumbai Indians,V Kohli
IPL2016-M148,2016,2016-05-24,BRSABV Ekana Cricket Stadium,Lucknow,Kings XI Punjab,Kolkata Knight Riders,124/5,170/6,Kings XI Punjab,Field,-0.631,0.136,1.7,82.3,Kolkata Knight Riders by 10 wickets,Kolkata Knight Riders,SV Samson
IPL2016-M143,2016,2016-05-25,Sawai Mansingh Stadium,Jaipur,Sunrisers Hyderabad,Royal Challengers Bangalore,230/4,240/8,Royal Challengers Bangalore,Field,-1.181,-1.039,42.4,9.2,Sunrisers Hyderabad by 7 wickets,Sunrisers Hyderabad,KA Pollard
IPL2016-M151,2016,2016-05-25,Barabati Stadium,Cuttack,Delhi Daredevils,Mumbai Indians,185/7,177/9,Delhi Daredevils,Bat,-0.745,-1.878,3.2,73.6,Mumbai Indians by 6 wickets,Mumbai Indians,Riyan Parag
IPL2017-M159,2017,2017-04-07,Vidarbha Cricket Association Stadium,Nagpur,Delhi Daredevils,Kolkata Knight Riders,164/9,203/3,Kolkata Knight Riders,Field,-0.616,1.109,78.5,11.1,Delhi Daredevils by 5 wickets,Delhi Daredevils,SK Raina
IPL2017-M156,2017,2017-04-08,Maharashtra Cricket Association Stadium,Pune,Sunrisers Hyderabad,Royal Challengers Bangalore,133/3,90/9,Sunrisers Hyderabad,Bat,-1.139,-0.422,21.4,94.3,Royal Challengers Bangalore by 4 wickets,Royal Challengers Bangalore,JC Buttler
IPL2017-M167,2017,2017-04-13,Vidarbha Cricket Association Stadium,Nagpur,Rising Pune Supergiant,Kings XI Punjab,220/9,212/6,Rising Pune Supergiant,Bat,0.096,-1.959,91.5,11.4,Rising Pune Supergiant by 9 wickets,Rising Pune Supergiant,A Nortje
IPL2017-M155,2017,2017-04-19,JSCA International Stadium,Ranchi,Mumbai Indians,Sunrisers Hyderabad,177/9,120/4,Sunrisers Hyderabad,Field,-0.179,-0.651,75.0,76.8,Mumbai Indians by 1 wickets,Mumbai Indians,Riyan Parag
IPL2017-M163,2017,2017-04-22,BRSABV Ekana Cricket Stadium,Lucknow,Kolkata Knight Riders,Gujarat Lions,131/2,95/3,Kolkata Knight Riders,Field,1.987,-0.906,37.9,32.9,Kolkata Knight Riders by Super Over,Kolkata Knight Riders,NM Lyon
IPL2017-M166,2017,2017-04-24,M Chinnaswamy Stadium,Bangalore,Rising Pune Supergiant,Kolkata Knight Riders,199/4,186/3,Kolkata Knight Riders,Bat,0.314,-1.229,47.0,83.3,Kolkata Knight Riders by 50 runs,Kolkata Knight Riders,HH Pandya
IPL2017-M168,2017,2017-05-03,Holkar Cricket Stadium,Indore,Mumbai Indians,Sunrisers Hyderabad,121/8,94/2,Mumbai Indians,Field,0.802,0.755,38.6,26.1,Mumbai Indians by 8 wickets,Mumbai Indians,SL Malinga
IPL2017-M158,2017,2017-05-05,Barabati Stadium,Cuttack,Royal Challengers Bangalore,Delhi Daredevils,196/2,177/7,Delhi Daredevils,Bat,-1.569,-1.768,82.4,21.4,Royal Challengers Bangalore by 9 wickets,Royal Challengers Bangalore,M Shami
IPL2017-M153,2017,2017-05-07,HPCA Stadium,Dharamsala,Delhi Daredevils,Royal Challengers Bangalore,188/8,157/10,Royal Challengers Bangalore,Field,-0.232,-1.142,83.1,41.1,Delhi Daredevils by 4 wickets,Delhi Daredevils,Shubman Gill
IPL2017-M157,2017,2017-05-07,Arun Jaitley Stadium,Delhi,Royal Challengers Bangalore,Gujarat Lions,170/10,135/5,Gujarat Lions,Bat,-0.309,1.835,62.6,11.9,Royal Challengers Bangalore by 5 wickets,Royal Challengers Bangalore,SR Watson
IPL2017-M164,2017,2017-05-10,Maharashtra Cricket Association Stadium,Pune,Delhi Daredevils,Kolkata Knight Riders,192/9,161/6,Kolkata Knight Riders,Field,-0.988,1.718,35.2,21.6,Delhi Daredevils by 6 wickets,Delhi Daredevils,F du Plessis
IPL2017-M165,2017,2017-05-12,HPCA Stadium,Dharamsala,Sunrisers Hyderabad,Kolkata Knight Riders,180/7,192/9,Kolkata Knight Riders,Bat,0.502,0.338,28.3,83.0,Kolkata Knight Riders by 5 runs,Kolkata Knight Riders,SL Malinga
IPL2017-M160,2017,2017-05-13,M Chinnaswamy Stadium,Bangalore,Gujarat Lions,Rising Pune Supergiant,153/8,184/8,Gujarat Lions,Field,0.661,0.738,54.5,36.1,Gujarat Lions by 14 runs,Gujarat Lions,HV Patel
IPL2017-M161,2017,2017-05-14,MA Chidambaram Stadium,Chennai,Gujarat Lions,Kolkata Knight Riders,127/6,167/5,Kolkata Knight Riders,Bat,1.822,1.884,41.2,49.3,Gujarat Lions by 64 runs,Gujarat Lions,Shubman Gill
IPL2017-M154,2017,2017-05-17,Holkar Cricket Stadium,Indore,Kings XI Punjab,Gujarat Lions,147/8,91/2,Gujarat Lions,Field,-1.788,1.497,78.6,29.8,Kings XI Punjab by 1 wickets,Kings XI Punjab,SR Watson
IPL2017-M162,2017,2017-05-21,Barabati Stadium,Cuttack,Royal Challengers Bangalore,Sunrisers Hyderabad,138/5,99/2,Royal Challengers Bangalore,Bat,-0.406,0.534,69.0,56.2,Sunrisers Hyderabad by 52 runs,Sunrisers Hyderabad,JC Buttler
IPL2018-M182,2018,2018-04-15,BRSABV Ekana Cricket Stadium,Lucknow,Sunrisers Hyderabad,Rajasthan Royals,128/2,114/6,Sunrisers Hyderabad,Bat,0.533,1.043,57.9,99.9,Rajasthan Royals by 4 wickets,Rajasthan Royals,MS Dhoni
IPL2018-M171,2018,2018-04-16,Dr. Y.S. Rajasekhara Reddy ACA-VDCA Stadium,Visakhapatnam,Delhi Daredevils,Mumbai Indians,148/9,123/2,Mumbai Indians,Bat,-1.824,0.929,66.1,61.5,Mumbai Indians by 3 wickets,Mumbai Indians,Ishan Kishan
IPL2018-M183,2018,2018-04-16,BRSABV Ekana Cricket Stadium,Lucknow,Delhi Daredevils,Sunrisers Hyderabad,175/7,117/8,Sunrisers Hyderabad,Field,-0.531,1.247,45.9,53.5,Sunrisers Hyderabad by 3 runs,Sunrisers Hyderabad,YBK Jaiswal
IPL2018-M170,2018,2018-04-17,Narendra Modi Stadium,Ahmedabad,Mumbai Indians,Royal Challengers Bangalore,213/6,240/6,Mumbai Indians,Field,1.291,-1.401,66.8,1.4,Mumbai Indians by 90 runs,Mumbai Indians,RG Sharma
IPL2018-M178,2018,2018-04-22,Punjab Cricket Association Stadium,Mohali,Royal Challengers Bangalore,Chennai Super Kings,205/7,240/3,Royal Challengers Bangalore,Bat,1.994,-0.105,76.1,7.6,Royal Challengers Bangalore by 6 wickets,Royal Challengers Bangalore,JC Buttler
IPL2018-M179,2018,2018-04-26,Punjab Cricket Association Stadium,Mohali,Kolkata Knight Riders,Kings XI Punjab,167/10,176/8,Kings XI Punjab,Field,1.101,1.34,1.2,86.0,Kings XI Punjab by 75 runs,Kings XI Punjab,Tilak Varma
IPL2018-M172,2018,2018-04-27,Narendra Modi Stadium,Ahmedabad,Rajasthan Royals,Kings XI Punjab,127/10,109/10,Rajasthan Royals,Field,0.832,1.26,32.0,24.4,Rajasthan Royals by 43 runs,Rajasthan Royals,DJ Bravo
IPL2018-M174,2018,2018-04-27,JSCA International Stadium,Ranchi,Kings XI Punjab,Mumbai Indians,181/9,206/4,Kings XI Punjab,Bat,0.364,1.356,58.7,53.2,Kings XI Punjab by 75 runs,Kings XI Punjab,DP Conway
IPL2018-M169,2018,2018-04-30,Punjab Cricket Association Stadium,Mohali,Chennai Super Kings,Kings XI Punjab,218/5,186/10,Chennai Super Kings,Field,-1.087,0.187,59.7,0.4,Chennai Super Kings by 9 wickets,Chennai Super Kings,Q de Kock
IPL2018-M181,2018,2018-05-02,Arun Jaitley Stadium,Delhi,Mumbai Indians,Kings XI Punjab,147/8,195/3,Mumbai Indians,Field,-0.536,-1.925,8.1,69.8,Kings XI Punjab by 8 wickets,Kings XI Punjab,YS Chahal
IPL2018-M184,2018,2018-05-02,Punjab Cricket Association Stadium,Mohali,Rajasthan Royals,Delhi Daredevils,147/2,107/4,Delhi Daredevils,Field,-1.461,-1.938,12.7,45.7,Delhi Daredevils by 22 runs,Delhi Daredevils,DP Conway
IPL2018-M173,2018,2018-05-06,HPCA Stadium,Dharamsala,Sunrisers Hyderabad,Rajasthan Royals,177/9,178/4,Rajasthan Royals,Field,-1.116,0.379,10.1,90.9,Rajasthan Royals by 60 runs,Rajasthan Royals,A Nortje
IPL2018-M175,2018,2018-05-11,Dr. Y.S. Rajasekhara Reddy ACA-VDCA Stadium,Visakhapatnam,Chennai Super Kings,Delhi Daredevils,220/4,240/10,Delhi Daredevils,Bat,-1.446,0.757,58.1,33.3,Chennai Super Kings by 10 wickets,Chennai Super Kings,Shubman Gill
IPL2018-M177,2018,2018-05-18,Vidarbha Cricket Association Stadium,Nagpur,Kings XI Punjab,Delhi Daredevils,120/2,138/3,Kings XI Punjab,Field,-1.587,-0.372,25.7,39.1,Delhi Daredevils by 70 runs,Delhi Daredevils,F du Plessis
IPL2018-M180,2018,2018-05-21,Vidarbha Cricket Association Stadium,Nagpur,Kolkata Knight Riders,Royal Challengers Bangalore,210/2,230/9,Royal Challengers Bangalore,Bat,-0.122,-1.823,39.4,83.3,Royal Challengers Bangalore by 8 wickets,Royal Challengers Bangalore,RA Jadeja
IPL2018-M176,2018,2018-05-27,HPCA Stadium,Dharamsala,Mumbai Indians,Sunrisers Hyderabad,123/7,143/5,Sunrisers Hyderabad,Bat,1.467,1.613,37.9,76.8,Sunrisers Hyderabad by 6 wickets,Sunrisers Hyderabad,F du Plessis
IPL2019-M186,2019,2019-03-27,Punjab Cricket Association Stadium,Mohali,Kings XI Punjab,Rajasthan Royals,143/9,174/5,Rajasthan Royals,Field,0.643,-0.808,49.8,39.3,Kings XI Punjab by 8 wickets,Kings XI Punjab,AB de Villiers
IPL2019-M198,2019,2019-04-02,Maharashtra Cricket Association Stadium,Pune,Royal Challengers Bangalore,Rajasthan Royals,163/7,161/8,Royal Challengers Bangalore,Bat,-0.867,-0.876,85.4,54.9,Royal Challengers Bangalore by 4 wickets,Royal Challengers Bangalore,Tilak Varma
IPL2019-M187,2019,2019-04-05,Narendra Modi Stadium,Ahmedabad,Royal Challengers Bangalore,Delhi Capitals,136/9,159/9,Royal Challengers Bangalore,Field,0.958,0.605,94.2,27.7,Royal Challengers Bangalore by 10 wickets,Royal Challengers Bangalore,A Nortje
IPL2019-M197,2019,2019-04-07,Barabati Stadium,Cuttack,Rajasthan Royals,Kolkata Knight Riders,157/2,118/5,Rajasthan Royals,Bat,-0.732,-1.486,73.7,76.3,Rajasthan Royals by 4 wickets,Rajasthan Royals,DJ Bravo
IPL2019-M195,2019,2019-04-08,Vidarbha Cricket Association Stadium,Nagpur,Mumbai Indians,Delhi Capitals,205/9,240/5,Delhi Capitals,Field,1.876,0.301,49.4,43.7,Mumbai Indians by Super Over,Mumbai Indians,DP Conway
IPL2019-M192,2019,2019-04-09,BRSABV Ekana Cricket Stadium,Lucknow,Sunrisers Hyderabad,Mumbai Indians,146/9,135/6,Mumbai Indians,Field,-0.039,-0.063,99.5,94.7,Sunrisers Hyderabad by 4 wickets,Sunrisers Hyderabad,KL Rahul
IPL2019-M191,2019,2019-04-15,BRSABV Ekana Cricket Stadium,Lucknow,Rajasthan Royals,Kolkata Knight Riders,139/9,103/2,Rajasthan Royals,Field,-1.613,1.264,77.1,86.5,Kolkata Knight Riders by 58 runs,Kolkata Knight Riders,A Nortje
IPL2019-M194,2019,2019-04-17,Eden Gardens,Kolkata,Kings XI Punjab,Delhi Capitals,169/7,112/4,Kings XI Punjab,Field,1.843,-1.742,84.3,48.8,Kings XI Punjab by 26 runs,Kings XI Punjab,AB de Villiers
IPL2019-M185,2019,2019-04-24,Holkar Cricket Stadium,Indore,Kings XI Punjab,Delhi Capitals,189/5,159/6,Kings XI Punjab,Field,1.284,0.769,86.0,45.0,Kings XI Punjab by 6 wickets,Kings XI Punjab,DP Conway
IPL2019-M188,2019,2019-04-24,Sawai Mansingh Stadium,Jaipur,Kings XI Punjab,Chennai Super Kings,200/7,181/6,Chennai Super Kings,Bat,1.991,-0.26,60.8,55.5,Kings XI Punjab by 5 wickets,Kings XI Punjab,M Shami
IPL2019-M189,2019,2019-04-25,JSCA International Stadium,Ranchi,Kings XI Punjab,Sunrisers Hyderabad,124/4,150/5,Kings XI Punjab,Field,-0.622,1.702,12.3,29.3,Sunrisers Hyderabad by 27 runs,Sunrisers Hyderabad,V Kohli
IPL2019-M190,2019,2019-04-30,HPCA Stadium,Dharamsala,Sunrisers Hyderabad,Royal Challengers Bangalore,126/4,177/6,Royal Challengers Bangalore,Bat,-1.198,1.841,93.9,67.7,Royal Challengers Bangalore by 6 wickets,Royal Challengers Bangalore,KD Karthik
IPL2019-M196,2019,2019-04-30,BRSABV Ekana Cricket Stadium,Lucknow,Kings XI Punjab,Sunrisers Hyderabad,195/2,171/6,Sunrisers Hyderabad,Field,-1.063,0.352,78.8,77.4,Sunrisers Hyderabad by Super Over,Sunrisers Hyderabad,Rashid Khan
IPL2019-M193,2019,2019-05-01,BRSABV Ekana Cricket Stadium,Lucknow,Kolkata Knight Riders,Royal Challengers Bangalore,185/4,154/2,Royal Challengers Bangalore,Field,-1.353,-1.591,68.3,67.7,Royal Challengers Bangalore by 2 wickets,Royal Challengers Bangalore,RG Sharma
IPL2019-M200,2019,2019-05-06,HPCA Stadium,Dharamsala,Kolkata Knight Riders,Chennai Super Kings,126/6,95/6,Chennai Super Kings,Field,-1.156,1.853,37.0,89.9,Chennai Super Kings by 3 wickets,Chennai Super Kings,HV Patel
IPL2019-M199,2019,2019-05-09,Narendra Modi Stadium,Ahmedabad,Royal Challengers Bangalore,Chennai Super Kings,133/8,145/3,Royal Challengers Bangalore,Field,-0.484,1.561,95.3,87.3,Chennai Super Kings by 3 wickets,Chennai Super Kings,SV Samson
IPL2020-M216,2020,2020-09-20,MA Chidambaram Stadium,Chennai,Chennai Super Kings,Delhi Capitals,212/9,168/9,Chennai Super Kings,Field,1.186,1.786,79.8,93.4,Delhi Capitals by 89 runs,Delhi Capitals,AB de Villiers
IPL2020-M212,2020,2020-09-23,BRSABV Ekana Cricket Stadium,Lucknow,Mumbai Indians,Royal Challengers Bangalore,172/7,114/7,Mumbai Indians,Field,0.315,-0.573,27.0,20.5,Mumbai Indians by 2 wickets,Mumbai Indians,JC Buttler
IPL2020-M207,2020,2020-09-27,Maharashtra Cricket Association Stadium,Pune,Mumbai Indians,Chennai Super Kings,205/2,167/4,Mumbai Indians,Bat,-0.525,-0.214,73.4,52.5,Mumbai Indians by 36 runs,Mumbai Indians,YBK Jaiswal
IPL2020-M203,2020,2020-10-01,Arun Jaitley Stadium,Delhi,Delhi Capitals,Rajasthan Royals,220/8,185/6,Rajasthan Royals,Field,-1.259,-0.638,23.4,11.3,Rajasthan Royals by 17 runs,Rajasthan Royals,SK Raina
IPL2020-M206,2020,2020-10-08,Maharashtra Cricket Association Stadium,Pune,Rajasthan Royals,Mumbai Indians,156/4,188/9,Mumbai Indians,Bat,-0.338,1.147,32.6,75.8,Mumbai Indians by 1 wickets,Mumbai Indians,Q de Kock
IPL2020-M204,2020,2020-10-11,Maharashtra Cricket Association Stadium,Pune,Rajasthan Royals,Royal Challengers Bangalore,153/9,94/5,Rajasthan Royals,Field,-0.749,-1.813,16.1,93.3,Royal Challengers Bangalore by 17 runs,Royal Challengers Bangalore,KL Rahul
IPL2020-M202,2020,2020-10-18,Arun Jaitley Stadium,Delhi,Mumbai Indians,Royal Challengers Bangalore,159/4,188/4,Royal Challengers Bangalore,Bat,-1.471,-1.598,82.6,49.7,Mumbai Indians by 9 wickets,Mumbai Indians,RA Jadeja
IPL2020-M210,2020,2020-10-23,JSCA International Stadium,Ranchi,Royal Challengers Bangalore,Rajasthan Royals,135/8,140/4,Royal Challengers Bangalore,Bat,-1.7,1.196,28.2,10.7,Rajasthan Royals by 50 runs,Rajasthan Royals,MS Dhoni
IPL2020-M213,2020,2020-10-23,Sawai Mansingh Stadium,Jaipur,Royal Challengers Bangalore,Chennai Super Kings,222/7,217/10,Royal Challengers Bangalore,Field,1.732,-0.842,97.5,65.5,Royal Challengers Bangalore by 97 runs,Royal Challengers Bangalore,T Natarajan
IPL2020-M214,2020,2020-10-23,Arun Jaitley Stadium,Delhi,Mumbai Indians,Sunrisers Hyderabad,146/8,100/9,Sunrisers Hyderabad,Bat,0.977,-1.487,60.9,25.5,Mumbai Indians by 7 wickets,Mumbai Indians,DP Conway
IPL2020-M205,2020,2020-10-24,Maharashtra Cricket Association Stadium,Pune,Rajasthan Royals,Delhi Capitals,193/5,190/4,Rajasthan Royals,Field,-1.739,-1.341,91.6,86.5,Rajasthan Royals by 9 wickets,Rajasthan Royals,JC Buttler
IPL2020-M201,2020,2020-10-28,Wankhede Stadium,Mumbai,Kings XI Punjab,Delhi Capitals,177/9,198/8,Kings XI Punjab,Bat,-1.041,1.23,7.1,56.0,Delhi Capitals by 1 wickets,Delhi Capitals,V Kohli
IPL2020-M215,2020,2020-10-28,Eden Gardens,Kolkata,Sunrisers Hyderabad,Rajasthan Royals,166/6,110/5,Sunrisers Hyderabad,Field,-1.154,-0.582,54.9,46.2,Sunrisers Hyderabad by 3 wickets,Sunrisers Hyderabad,SV Samson
IPL2020-M211,2020,2020-10-29,Holkar Cricket Stadium,Indore,Delhi Capitals,Rajasthan Royals,228/8,201/10,Delhi Capitals,Field,0.627,-0.51,60.7,84.7,Delhi Capitals by 10 wickets,Delhi Capitals,M Shami
IPL2020-M208,2020,2020-10-31,Holkar Cricket Stadium,Indore,Royal Challengers Bangalore,Kolkata Knight Riders,185/6,224/6,Royal Challengers Bangalore,Bat,-1.467,-0.904,80.1,19.0,Royal Challengers Bangalore by 8 wickets,Royal Challengers Bangalore,SR Watson
IPL2020-M209,2020,2020-11-02,Holkar Cricket Stadium,Indore,Sunrisers Hyderabad,Rajasthan Royals,146/8,155/3,Sunrisers Hyderabad,Field,1.168,0.445,94.8,74.3,Sunrisers Hyderabad by 4 wickets,Sunrisers Hyderabad,KD Karthik
IPL2021-M219,2021,2021-04-12,Arun Jaitley Stadium,Delhi,Royal Challengers Bangalore,Delhi Capitals,143/5,137/6,Delhi Capitals,Bat,0.945,-1.398,73.9,95.9,Delhi Capitals by 93 runs,Delhi Capitals,CH Gayle
IPL2021-M232,2021,2021-05-15,Maharashtra Cricket Association Stadium,Pune,Rajasthan Royals,Kolkata Knight Riders,224/9,184/7,Kolkata Knight Riders,Field,-0.919,0.654,71.1,16.1,Rajasthan Royals by Super Over,Rajasthan Royals,MS Dhoni
IPL2021-M217,2021,2021-05-19,Eden Gardens,Kolkata,Rajasthan Royals,Sunrisers Hyderabad,176/9,151/7,Rajasthan Royals,Field,-0.963,-0.594,88.5,57.9,Rajasthan Royals by 21 runs,Rajasthan Royals,RA Jadeja
IPL2021-M222,2021,2021-06-07,Maharashtra Cricket Association Stadium,Pune,Delhi Capitals,Punjab Kings,177/10,212/5,Delhi Capitals,Field,-1.559,-1.349,42.9,97.9,Punjab Kings by 11 runs,Punjab Kings,Tilak Varma
IPL2021-M228,2021,2021-06-09,Maharashtra Cricket Association Stadium,Pune,Kolkata Knight Riders,Sunrisers Hyderabad,143/6,111/8,Sunrisers Hyderabad,Field,-0.242,-1.624,10.2,5.8,Kolkata Knight Riders by 40 runs,Kolkata Knight Riders,JJ Bumrah
IPL2021-M221,2021,2021-07-19,Dr. Y.S. Rajasekhara Reddy ACA-VDCA Stadium,Visakhapatnam,Royal Challengers Bangalore,Mumbai Indians,166/10,118/2,Royal Challengers Bangalore,Bat,-0.948,1.931,3.5,32.7,Mumbai Indians by 79 runs,Mumbai Indians,Ishan Kishan
IPL2021-M223,2021,2021-07-23,Sawai Mansingh Stadium,Jaipur,Mumbai Indians,Royal Challengers Bangalore,191/3,209/2,Royal Challengers Bangalore,Field,1.363,1.485,77.0,17.8,Mumbai Indians by 5 wickets,Mumbai Indians,F du Plessis
IPL2021-M218,2021,2021-07-31,Eden Gardens,Kolkata,Punjab Kings,Royal Challengers Bangalore,146/10,90/5,Punjab Kings,Field,1.944,-0.198,76.2,94.6,Punjab Kings by 5 wickets,Punjab Kings,M Shami
IPL2021-M227,2021,2021-07-31,JSCA International Stadium,Ranchi,Mumbai Indians,Royal Challengers Bangalore,181/9,142/4,Mumbai Indians,Field,-0.906,-0.633,17.9,68.8,Royal Challengers Bangalore by 3 wickets,Royal Challengers Bangalore,SK Raina
IPL2021-M225,2021,2021-08-10,Narendra Modi Stadium,Ahmedabad,Rajasthan Royals,Mumbai Indians,189/5,240/7,Mumbai Indians,Field,0.525,0.977,38.7,75.1,Mumbai Indians by 25 runs,Mumbai Indians,Riyan Parag
IPL2021-M220,2021,2021-08-11,Holkar Cricket Stadium,Indore,Chennai Super Kings,Mumbai Indians,230/9,203/3,Chennai Super Kings,Field,-1.1,1.656,64.8,71.4,Mumbai Indians by 6 wickets,Mumbai Indians,CH Gayle
IPL2021-M231,2021,2021-08-23,Vidarbha Cricket Association Stadium,Nagpur,Rajasthan Royals,Delhi Capitals,174/5,226/8,Rajasthan Royals,Field,-0.311,-1.653,54.7,91.9,Delhi Capitals by 89 runs,Delhi Capitals,KD Karthik
IPL2021-M230,2021,2021-09-05,Vidarbha Cricket Association Stadium,Nagpur,Kolkata Knight Riders,Rajasthan Royals,178/3,174/7,Rajasthan Royals,Field,-0.325,-0.579,24.9,80.7,Rajasthan Royals by Super Over,Rajasthan Royals,KL Rahul
IPL2021-M224,2021,2021-09-19,BRSABV Ekana Cricket Stadium,Lucknow,Chennai Super Kings,Royal Challengers Bangalore,195/10,213/2,Chennai Super Kings,Bat,1.065,1.744,55.8,21.4,Chennai Super Kings by 10 wickets,Chennai Super Kings,Riyan Parag
IPL2021-M226,2021,2021-09-24,Punjab Cricket Association Stadium,Mohali,Kolkata Knight Riders,Delhi Capitals,164/5,219/4,Kolkata Knight Riders,Field,0.926,0.747,0.6,47.5,Delhi Capitals by 60 runs,Delhi Capitals,HV Patel
IPL2021-M229,2021,2021-10-03,Arun Jaitley Stadium,Delhi,Rajasthan Royals,Delhi Capitals,148/7,208/3,Delhi Capitals,Field,-1.698,0.642,11.3,7.6,Delhi Capitals by 13 runs,Delhi Capitals,Riyan Parag
IPL2022-M238,2022,2022-04-02,M Chinnaswamy Stadium,Bangalore,Delhi Capitals,Royal Challengers Bangalore,228/6,240/6,Royal Challengers Bangalore,Field,-1.717,-1.015,85.7,67.5,Delhi Capitals by 88 runs,Delhi Capitals,T Natarajan
IPL2022-M234,2022,2022-04-05,JSCA International Stadium,Ranchi,Rajasthan Royals,Royal Challengers Bangalore,202/4,177/7,Royal Challengers Bangalore,Bat,-0.502,-1.281,48.1,99.7,Royal Challengers Bangalore by 1 wickets,Royal Challengers Bangalore,PP Chawla
IPL2022-M240,2022,2022-04-17,Barabati Stadium,Cuttack,Chennai Super Kings,Gujarat Titans,168/9,124/8,Gujarat Titans,Field,-0.487,1.061,83.7,29.2,Chennai Super Kings by 1 wickets,Chennai Super Kings,Arshdeep Singh
IPL2022-M245,2022,2022-04-19,Rajiv Gandhi International Stadium,Hyderabad,Delhi Capitals,Chennai Super Kings,163/3,167/5,Chennai Super Kings,Field,1.175,1.576,32.4,14.8,Delhi Capitals by 8 runs,Delhi Capitals,Rashid Khan
IPL2022-M241,2022,2022-04-26,Sawai Mansingh Stadium,Jaipur,Royal Challengers Bangalore,Gujarat Titans,225/2,240/8,Royal Challengers Bangalore,Field,1.506,-1.412,84.2,59.8,Royal Challengers Bangalore by 66 runs,Royal Challengers Bangalore,KA Pollard
IPL2022-M248,2022,2022-04-26,Vidarbha Cricket Association Stadium,Nagpur,Punjab Kings,Kolkata Knight Riders,168/7,114/7,Kolkata Knight Riders,Bat,0.884,-1.365,83.0,38.4,Punjab Kings by Super Over,Punjab Kings,KD Karthik
IPL2022-M247,2022,2022-05-02,BRSABV Ekana Cricket Stadium,Lucknow,Kolkata Knight Riders,Sunrisers Hyderabad,143/4,97/6,Kolkata Knight Riders,Field,-0.039,-0.545,27.0,30.5,Sunrisers Hyderabad by 21 runs,Sunrisers Hyderabad,Riyan Parag
IPL2022-M242,2022,2022-05-04,JSCA International Stadium,Ranchi,Chennai Super Kings,Mumbai Indians,196/2,217/4,Chennai Super Kings,Bat,-0.015,1.503,81.6,53.1,Chennai Super Kings by 78 runs,Chennai Super Kings,DA Warner
IPL2022-M233,2022,2022-05-05,BRSABV Ekana Cricket Stadium,Lucknow,Delhi Capitals,Kolkata Knight Riders,217/3,224/3,Delhi Capitals,Field,-0.329,1.653,88.6,64.0,Kolkata Knight Riders by 8 wickets,Kolkata Knight Riders,Q de Kock
IPL2022-M236,2022,2022-05-09,Rajiv Gandhi International Stadium,Hyderabad,Delhi Capitals,Mumbai Indians,223/6,185/10,Delhi Capitals,Field,-1.812,1.706,32.4,63.7,Mumbai Indians by 86 runs,Mumbai Indians,JC Buttler
IPL2022-M243,2022,2022-05-11,Wankhede Stadium,Mumbai,Mumbai Indians,Sunrisers Hyderabad,229/4,223/10,Sunrisers Hyderabad,Bat,1.451,0.525,36.5,22.7,Mumbai Indians by 28 runs,Mumbai Indians,SL Malinga
IPL2022-M244,2022,2022-05-11,Holkar Cricket Stadium,Indore,Gujarat Titans,Delhi Capitals,223/7,223/8,Delhi Capitals,Bat,1.563,-0.318,38.4,69.4,Delhi Capitals by 43 runs,Delhi Capitals,SK Raina
IPL2022-M246,2022,2022-05-17,Punjab Cricket Association Stadium,Mohali,Gujarat Titans,Chennai Super Kings,153/10,152/9,Gujarat Titans,Bat,1.958,-1.777,59.6,27.8,Gujarat Titans by 5 wickets,Gujarat Titans,Q de Kock
IPL2022-M239,2022,2022-05-22,Narendra Modi Stadium,Ahmedabad,Rajasthan Royals,Delhi Capitals,152/3,166/3,Rajasthan Royals,Field,1.467,0.19,72.3,77.3,Delhi Capitals by 88 runs,Delhi Capitals,Q de Kock
IPL2022-M237,2022,2022-05-25,Maharashtra Cricket Association Stadium,Pune,Sunrisers Hyderabad,Gujarat Titans,168/6,155/2,Gujarat Titans,Field,-1.219,1.716,26.7,98.2,Gujarat Titans by 2 wickets,Gujarat Titans,AB de Villiers
IPL2022-M235,2022,2022-05-28,Rajiv Gandhi International Stadium,Hyderabad,Delhi Capitals,Sunrisers Hyderabad,221/7,206/10,Delhi Capitals,Bat,1.713,-0.902,51.5,77.3,Delhi Capitals by 2 runs,Delhi Capitals,DP Conway
IPL2023-M256,2023,2023-04-09,Arun Jaitley Stadium,Delhi,Mumbai Indians,Kolkata Knight Riders,123/3,161/10,Mumbai Indians,Field,-0.731,0.133,67.8,36.4,Mumbai Indians by 10 wickets,Mumbai Indians,RG Sharma
IPL2023-M259,2023,2023-04-10,Rajiv Gandhi International Stadium,Hyderabad,Royal Challengers Bangalore,Delhi Capitals,170/6,225/10,Delhi Capitals,Field,1.525,-1.824,61.1,82.6,Delhi Capitals by 1 wickets,Delhi Capitals,Q de Kock
IPL2023-M260,2023,2023-04-15,Punjab Cricket Association Stadium,Mohali,Rajasthan Royals,Chennai Super Kings,131/2,118/8,Chennai Super Kings,Bat,1.513,1.148,24.2,67.1,Chennai Super Kings by 25 runs,Chennai Super Kings,AB de Villiers
IPL2023-M264,2023,2023-04-22,Holkar Cricket Stadium,Indore,Royal Challengers Bangalore,Chennai Super Kings,209/5,180/8,Chennai Super Kings,Field,0.61,-0.673,16.1,51.5,Chennai Super Kings by 4 wickets,Chennai Super Kings,MS Dhoni
IPL2023-M254,2023,2023-04-27,BRSABV Ekana Cricket Stadium,Lucknow,Gujarat Titans,Kolkata Knight Riders,136/9,159/4,Gujarat Titans,Field,-1.07,0.083,97.9,11.0,Gujarat Titans by 5 wickets,Gujarat Titans,MS Dhoni
IPL2023-M249,2023,2023-04-28,Wankhede Stadium,Mumbai,Gujarat Titans,Delhi Capitals,191/3,143/2,Gujarat Titans,Field,1.862,-1.968,39.6,29.6,Gujarat Titans by 9 wickets,Gujarat Titans,AB de Villiers
IPL2023-M261,2023,2023-04-29,Punjab Cricket Association Stadium,Mohali,Mumbai Indians,Rajasthan Royals,212/5,225/6,Mumbai Indians,Field,-1.516,-0.047,49.6,70.7,Rajasthan Royals by 39 runs,Rajasthan Royals,SL Malinga
IPL2023-M250,2023,2023-05-01,Barabati Stadium,Cuttack,Gujarat Titans,Chennai Super Kings,136/2,174/3,Chennai Super Kings,Bat,-0.946,0.471,69.2,70.0,Chennai Super Kings by 4 wickets,Chennai Super Kings,SV Samson
IPL2023-M262,2023,2023-05-12,Arun Jaitley Stadium,Delhi,Punjab Kings,Gujarat Titans,166/9,152/5,Gujarat Titans,Field,-0.224,-1.614,16.1,84.9,Gujarat Titans by 3 runs,Gujarat Titans,T Natarajan
IPL2023-M252,2023,2023-05-14,Dr. Y.S. Rajasekhara Reddy ACA-VDCA Stadium,Visakhapatnam,Sunrisers Hyderabad,Punjab Kings,188/9,157/8,Sunrisers Hyderabad,Field,1.669,-0.193,53.0,91.0,Punjab Kings by 97 runs,Punjab Kings,KL Rahul
IPL2023-M255,2023,2023-05-15,Arun Jaitley Stadium,Delhi,Mumbai Indians,Lucknow Super Giants,199/5,189/8,Lucknow Super Giants,Field,1.643,0.554,58.8,77.5,Lucknow Super Giants by 7 wickets,Lucknow Super Giants,CH Gayle
IPL2023-M258,2023,2023-05-19,Vidarbha Cricket Association Stadium,Nagpur,Delhi Capitals,Gujarat Titans,196/4,182/2,Gujarat Titans,Bat,-0.517,0.254,81.7,49.8,Delhi Capitals by 3 wickets,Delhi Capitals,V Kohli
IPL2023-M263,2023,2023-05-20,M Chinnaswamy Stadium,Bangalore,Gujarat Titans,Chennai Super Kings,162/9,154/7,Chennai Super Kings,Field,0.825,0.534,22.8,3.5,Gujarat Titans by 68 runs,Gujarat Titans,SV Samson
IPL2023-M251,2023,2023-05-25,Narendra Modi Stadium,Ahmedabad,Delhi Capitals,Royal Challengers Bangalore,172/4,149/7,Delhi Capitals,Field,-1.074,0.642,6.3,37.1,Royal Challengers Bangalore by 82 runs,Royal Challengers Bangalore,A Nortje
IPL2023-M253,2023,2023-05-28,MA Chidambaram Stadium,Chennai,Lucknow Super Giants,Royal Challengers Bangalore,136/4,183/9,Royal Challengers Bangalore,Field,-1.063,-0.621,44.1,23.8,Lucknow Super Giants by 5 wickets,Lucknow Super Giants,Riyan Parag
IPL2023-M257,2023,2023-05-28,Holkar Cricket Stadium,Indore,Rajasthan Royals,Gujarat Titans,205/7,150/7,Rajasthan Royals,Field,-1.815,0.714,16.2,99.0,Gujarat Titans by 10 wickets,Gujarat Titans,SL Malinga
IPL2024-M280,2024,2024-03-22,Eden Gardens,Kolkata,Punjab Kings,Lucknow Super Giants,151/10,210/2,Lucknow Super Giants,Field,-0.042,1.904,59.8,66.3,Lucknow Super Giants by 6 wickets,Lucknow Super Giants,DA Warner
IPL2024-M267,2024,2024-03-29,Wankhede Stadium,Mumbai,Rajasthan Royals,Chennai Super Kings,130/7,151/9,Chennai Super Kings,Bat,-1.992,1.219,34.3,74.9,Chennai Super Kings by 9 wickets,Chennai Super Kings,Rashid Khan
IPL2024-M275,2024,2024-03-30,Holkar Cricket Stadium,Indore,Gujarat Titans,Sunrisers Hyderabad,146/9,118/6,Sunrisers Hyderabad,Bat,-0.53,1.458,61.9,38.9,Gujarat Titans by 13 runs,Gujarat Titans,Shubman Gill
IPL2024-M273,2024,2024-03-31,Punjab Cricket Association Stadium,Mohali,Punjab Kings,Kolkata Knight Riders,144/6,193/6,Kolkata Knight Riders,Bat,1.928,-0.18,45.5,60.1,Kolkata Knight Riders by 8 wickets,Kolkata Knight Riders,KA Pollard
IPL2024-M269,2024,2024-04-07,Sawai Mansingh Stadium,Jaipur,Punjab Kings,Sunrisers Hyderabad,172/5,195/2,Sunrisers Hyderabad,Field,-0.416,-0.905,47.9,61.8,Sunrisers Hyderabad by 5 wickets,Sunrisers Hyderabad,NM Lyon
IPL2024-M277,2024,2024-04-12,M Chinnaswamy Stadium,Bangalore,Punjab Kings,Kolkata Knight Riders,131/3,136/9,Punjab Kings,Bat,1.37,0.926,61.8,72.9,Kolkata Knight Riders by 8 wickets,Kolkata Knight Riders,Rashid Khan
IPL2024-M266,2024,2024-04-23,Rajiv Gandhi International Stadium,Hyderabad,Royal Challengers Bengaluru,Chennai Super Kings,149/4,121/9,Chennai Super Kings,Field,1.441,-1.59,2.9,90.0,Chennai Super Kings by 7 wickets,Chennai Super Kings,RD Gaikwad
IPL2024-M272,2024,2024-04-23,Narendra Modi Stadium,Ahmedabad,Chennai Super Kings,Delhi Capitals,164/3,107/6,Delhi Capitals,Field,-0.998,-0.197,40.1,50.0,Delhi Capitals by 100 runs,Delhi Capitals,Riyan Parag
IPL2024-M274,2024,2024-04-26,Eden Gardens,Kolkata,Chennai Super Kings,Lucknow Super Giants,205/10,234/10,Lucknow Super Giants,Bat,-1.296,0.691,4.6,95.1,Lucknow Super Giants by 56 runs,Lucknow Super Giants,JJ Bumrah
IPL2024-M276,2024,2024-04-26,HPCA Stadium,Dharamsala,Lucknow Super Giants,Rajasthan Royals,160/5,103/5,Rajasthan Royals,Bat,-1.966,0.921,43.9,43.1,Rajasthan Royals by 2 wickets,Rajasthan Royals,HH Pandya
IPL2024-M268,2024,2024-04-28,Sawai Mansingh Stadium,Jaipur,Sunrisers Hyderabad,Punjab Kings,164/4,121/2,Sunrisers Hyderabad,Field,-1.949,1.924,69.2,28.8,Sunrisers Hyderabad by 6 runs,Sunrisers Hyderabad,MS Dhoni
IPL2024-M270,2024,2024-05-01,Sawai Mansingh Stadium,Jaipur,Lucknow Super Giants,Delhi Capitals,186/6,202/3,Delhi Capitals,Bat,0.734,-1.656,56.4,10.7,Lucknow Super Giants by 2 wickets,Lucknow Super Giants,F du Plessis
IPL2024-M279,2024,2024-05-02,BRSABV Ekana Cricket Stadium,Lucknow,Delhi Capitals,Lucknow Super Giants,133/2,153/6,Delhi Capitals,Bat,-0.174,1.582,34.4,86.1,Lucknow Super Giants by 9 wickets,Lucknow Super Giants,A Nortje
IPL2024-M265,2024,2024-05-11,Barabati Stadium,Cuttack,Chennai Super Kings,Mumbai Indians,196/10,195/5,Chennai Super Kings,Field,1.986,0.9,90.3,64.3,Chennai Super Kings by 59 runs,Chennai Super Kings,YS Chahal
IPL2024-M271,2024,2024-05-19,Narendra Modi Stadium,Ahmedabad,Punjab Kings,Gujarat Titans,212/10,152/9,Gujarat Titans,Field,1.916,-0.556,73.3,68.0,Punjab Kings by 7 wickets,Punjab Kings,KA Pollard
IPL2024-M278,2024,2024-05-23,BRSABV Ekana Cricket Stadium,Lucknow,Delhi Capitals,Gujarat Titans,193/4,208/2,Gujarat Titans,Bat,0.426,1.262,77.5,74.8,Delhi Capitals by 5 wickets,Delhi Capitals,Rashid Khan
IPL2025-M293,2025,2025-03-29,Wankhede Stadium,Mumbai,Delhi Capitals,Mumbai Indians,143/10,168/3,Mumbai Indians,Field,-0.723,0.15,28.8,23.9,Mumbai Indians by 38 runs,Mumbai Indians,Arshdeep Singh
IPL2025-M292,2025,2025-03-30,Dr. Y.S. Rajasekhara Reddy ACA-VDCA Stadium,Visakhapatnam,Delhi Capitals,Lucknow Super Giants,151/9,191/6,Delhi Capitals,Field,1.371,-0.189,13.7,99.4,Lucknow Super Giants by 9 wickets,Lucknow Super Giants,KL Rahul
IPL2025-M294,2025,2025-03-30,HPCA Stadium,Dharamsala,Sunrisers Hyderabad,Mumbai Indians,155/3,165/3,Mumbai Indians,Field,-0.078,-0.651,18.9,49.3,Mumbai Indians by 67 runs,Mumbai Indians,Riyan Parag
IPL2025-M281,2025,2025-04-01,Sawai Mansingh Stadium,Jaipur,Sunrisers Hyderabad,Kolkata Knight Riders,194/2,209/3,Sunrisers Hyderabad,Bat,0.414,-0.646,30.5,30.7,Sunrisers Hyderabad by 8 runs,Sunrisers Hyderabad,A Nortje
IPL2025-M289,2025,2025-04-09,Maharashtra Cricket Association Stadium,Pune,Punjab Kings,Rajasthan Royals,210/8,240/3,Rajasthan Royals,Bat,1.423,-0.898,31.2,90.7,Rajasthan Royals by 3 wickets,Rajasthan Royals,SA Yadav
IPL2025-M288,2025,2025-04-17,JSCA International Stadium,Ranchi,Mumbai Indians,Sunrisers Hyderabad,206/8,235/8,Mumbai Indians,Field,-0.357,-1.63,89.6,45.4,Mumbai Indians by 59 runs,Mumbai Indians,JC Buttler
IPL2025-M295,2025,2025-04-30,Arun Jaitley Stadium,Delhi,Mumbai Indians,Punjab Kings,124/6,170/10,Mumbai Indians,Field,-0.04,-1.183,54.8,49.4,Mumbai Indians by 44 runs,Mumbai Indians,DA Warner
IPL2025-M291,2025,2025-05-04,Barabati Stadium,Cuttack,Punjab Kings,Chennai Super Kings,149/7,194/10,Chennai Super Kings,Field,-0.295,-0.583,15.4,86.6,Chennai Super Kings by 10 wickets,Chennai Super Kings,HV Patel
IPL2025-M290,2025,2025-05-05,Wankhede Stadium,Mumbai,Rajasthan Royals,Delhi Capitals,173/6,124/9,Rajasthan Royals,Bat,-0.074,-0.08,65.2,1.0,Rajasthan Royals by Super Over,Rajasthan Royals,JC Buttler
IPL2025-M283,2025,2025-05-10,Dr. Y.S. Rajasekhara Reddy ACA-VDCA Stadium,Visakhapatnam,Lucknow Super Giants,Gujarat Titans,151/4,211/3,Lucknow Super Giants,Field,-1.143,0.322,9.1,0.1,Gujarat Titans by 1 wickets,Gujarat Titans,Tilak Varma
IPL2025-M287,2025,2025-05-11,Dr. Y.S. Rajasekhara Reddy ACA-VDCA Stadium,Visakhapatnam,Rajasthan Royals,Royal Challengers Bengaluru,196/5,240/9,Royal Challengers Bengaluru,Field,1.824,1.84,48.1,83.2,Royal Challengers Bengaluru by 3 wickets,Royal Challengers Bengaluru,Arshdeep Singh
IPL2025-M282,2025,2025-05-13,Dr. Y.S. Rajasekhara Reddy ACA-VDCA Stadium,Visakhapatnam,Kolkata Knight Riders,Lucknow Super Giants,142/8,188/7,Lucknow Super Giants,Field,-0.046,-0.285,27.7,98.3,Lucknow Super Giants by 9 wickets,Lucknow Super Giants,KA Pollard
IPL2025-M296,2025,2025-05-18,Punjab Cricket Association Stadium,Mohali,Delhi Capitals,Sunrisers Hyderabad,154/10,168/10,Sunrisers Hyderabad,Field,1.129,0.898,89.6,76.1,Delhi Capitals by 10 wickets,Delhi Capitals,MS Dhoni
IPL2025-M285,2025,2025-05-20,Punjab Cricket Association Stadium,Mohali,Lucknow Super Giants,Rajasthan Royals,125/10,136/3,Rajasthan Royals,Bat,-1.117,-0.274,82.1,94.7,Rajasthan Royals by 1 wickets,Rajasthan Royals,NM Lyon
IPL2025-M284,2025,2025-05-21,Vidarbha Cricket Association Stadium,Nagpur,Delhi Capitals,Royal Challengers Bengaluru,137/2,134/7,Royal Challengers Bengaluru,Field,1.47,-1.55,55.3,63.8,Delhi Capitals by 9 wickets,Delhi Capitals,PP Chawla
IPL2025-M286,2025,2025-05-25,Eden Gardens,Kolkata,Lucknow Super Giants,Mumbai Indians,160/9,108/10,Mumbai Indians,Bat,-0.547,0.795,59.1,1.7,Lucknow Super Giants by 1 runs,Lucknow Super Giants,Q de Kock
